ID,TIME,FEATURE_0,FEATURE_1,FEATURE_2,FEATURE_3,FEATURE_4,FEATURE_5,FEATURE_6,ACTION,RISK,OG_CLUSTER
0,0,1,1,1,3,0,0,0,6.0,0.0,1
0,1,1,1,1,3,1,0,1,0.0,0.0,1
0,2,1,1,1,4,0,0,0,7.0,0.0,1
0,3,1,2,1,4,1,1,1,2.0,0.0,1
0,4,1,2,1,4,0,0,1,1.0,-1.0,1
0,5,0,2,1,4,0,1,0,,-1.0,1
1,0,1,2,0,2,0,0,0,0.0,0.0,1
1,1,1,2,0,2,0,0,0,1.0,0.0,1
1,2,2,2,1,2,0,1,0,5.0,0.0,1
1,3,1,2,1,2,1,1,0,4.0,0.0,1
1,4,1,0,1,1,1,0,0,5.0,0.0,1
1,5,1,1,1,1,1,1,0,1.0,0.0,1
1,6,1,2,1,1,0,1,0,7.0,0.0,1
1,7,1,2,1,1,1,1,1,6.0,0.0,1
1,8,1,1,1,1,1,0,1,4.0,0.0,1
1,9,1,1,1,1,1,0,0,3.0,0.0,1
1,10,1,2,1,1,0,1,1,4.0,0.0,1
1,11,1,1,1,1,1,0,0,0.0,0.0,1
1,12,1,2,1,1,0,0,0,4.0,0.0,1
1,13,1,1,1,1,1,0,0,7.0,0.0,1
1,14,1,2,1,1,1,1,1,3.0,0.0,1
1,15,1,2,1,1,0,1,1,5.0,0.0,1
1,16,1,2,1,1,1,1,0,4.0,0.0,1
1,17,1,1,1,1,1,0,0,1.0,0.0,1
1,18,1,2,1,1,0,1,0,3.0,0.0,1
1,19,1,2,1,1,0,1,1,2.0,0.0,1
1,20,1,2,1,0,0,0,1,,0.0,1
2,0,0,1,1,3,0,0,0,6.0,0.0,1
2,1,0,1,1,3,1,0,1,2.0,0.0,1
2,2,0,1,1,4,0,0,1,0.0,0.0,1
2,3,0,1,1,3,0,0,0,7.0,-1.0,1
2,4,0,2,1,4,1,1,1,,-1.0,1
3,0,1,2,1,2,0,0,0,3.0,0.0,1
3,1,1,2,1,2,0,1,1,2.0,0.0,1
3,2,1,2,1,2,0,0,1,0.0,0.0,1
3,3,1,2,1,2,0,0,0,6.0,0.0,1
3,4,1,1,1,2,1,0,1,7.0,0.0,1
3,5,1,2,1,2,1,1,1,1.0,0.0,1
3,6,1,2,1,2,0,1,0,3.0,0.0,1
3,7,1,2,1,2,0,1,1,1.0,0.0,1
3,8,2,2,1,2,0,1,0,0.0,-1.0,1
3,9,2,2,1,1,0,0,0,,-1.0,1
4,0,2,1,1,3,0,0,0,2.0,0.0,1
4,1,2,1,1,2,0,0,1,2.0,0.0,1
4,2,2,1,1,2,0,0,1,0.0,0.0,1
4,3,2,0,1,2,0,0,0,7.0,0.0,1
4,4,2,1,1,2,1,1,1,7.0,0.0,1
4,5,2,2,1,2,1,1,1,3.0,0.0,1
4,6,2,2,1,2,0,1,1,2.0,0.0,1
4,7,2,2,1,2,0,0,1,5.0,0.0,1
4,8,1,2,0,2,1,1,0,0.0,-1.0,1
4,9,2,2,0,2,0,0,0,,-1.0,1
5,0,0,1,0,2,0,0,0,2.0,0.0,1
5,1,0,1,1,2,0,0,1,7.0,0.0,1
5,2,0,2,1,2,1,1,1,0.0,0.0,1
5,3,0,2,1,2,0,0,0,3.0,0.0,1
5,4,0,2,1,2,0,1,1,0.0,-1.0,1
5,5,0,1,0,1,0,0,0,,-1.0,1
6,0,1,0,0,2,0,0,0,1.0,0.0,1
6,1,2,1,0,2,0,1,0,2.0,0.0,1
6,2,2,1,1,2,0,0,1,7.0,0.0,1
6,3,2,2,1,2,1,1,1,2.0,0.0,1
6,4,2,2,1,2,0,0,1,7.0,0.0,1
6,5,2,2,1,2,1,1,1,0.0,0.0,1
6,6,2,1,1,2,0,0,0,3.0,0.0,1
6,7,2,2,1,2,0,1,1,2.0,0.0,1
6,8,2,1,1,2,0,0,1,3.0,0.0,1
6,9,2,2,1,2,0,1,1,7.0,0.0,1
6,10,2,2,1,2,1,1,1,6.0,0.0,1
6,11,1,1,1,2,1,0,1,7.0,0.0,1
6,12,1,2,1,2,1,1,1,3.0,0.0,1
6,13,2,2,1,2,0,1,1,3.0,0.0,1
6,14,2,2,1,2,0,1,1,0.0,-1.0,1
6,15,2,2,0,1,0,0,0,,-1.0,1
7,0,0,2,1,2,0,0,0,2.0,0.0,1
7,1,0,1,1,3,0,0,1,4.0,0.0,1
7,2,0,1,1,3,1,0,0,5.0,-1.0,1
7,3,0,2,1,3,1,1,0,,-1.0,1
8,0,0,1,1,4,0,0,0,6.0,0.0,1
8,1,0,1,1,4,1,0,1,2.0,0.0,1
8,2,0,1,1,3,0,0,1,5.0,-1.0,1
8,3,0,2,1,3,1,1,0,,-1.0,1
9,0,1,0,1,4,0,0,0,6.0,0.0,1
9,1,1,0,1,4,1,0,1,0.0,-1.0,1
9,2,1,0,0,1,0,0,0,,-1.0,1
10,0,1,1,1,3,0,0,0,7.0,0.0,1
10,1,1,2,1,4,1,1,1,7.0,0.0,1
10,2,1,2,1,4,1,1,1,2.0,-1.0,1
10,3,2,2,1,4,0,0,1,,-1.0,1
11,0,0,1,1,2,0,0,0,1.0,0.0,1
11,1,0,1,0,2,0,1,0,6.0,0.0,1
11,2,0,1,1,1,1,0,1,7.0,-1.0,1
11,3,0,2,1,1,1,1,1,,-1.0,1
12,0,1,0,1,3,0,0,0,2.0,0.0,1
12,1,1,0,1,3,0,0,1,7.0,0.0,1
12,2,1,0,1,3,1,1,1,2.0,0.0,1
12,3,1,0,1,3,0,0,1,6.0,0.0,1
12,4,1,0,1,2,1,0,1,4.0,0.0,1
12,5,1,0,1,2,1,0,0,7.0,0.0,1
12,6,1,0,1,2,1,1,1,1.0,0.0,1
12,7,1,1,1,2,0,1,0,3.0,0.0,1
12,8,2,2,1,2,0,1,1,1.0,0.0,1
12,9,1,2,1,2,0,1,0,7.0,0.0,1
12,10,1,2,1,2,1,1,1,5.0,0.0,1
12,11,1,2,1,2,1,1,0,1.0,0.0,1
12,12,2,2,1,2,0,1,0,2.0,0.0,1
12,13,2,2,1,2,0,0,1,2.0,0.0,1
12,14,2,2,1,2,0,0,1,2.0,0.0,1
12,15,2,2,1,2,0,0,1,1.0,0.0,1
12,16,2,2,1,2,0,1,0,5.0,0.0,1
12,17,1,2,1,2,1,1,0,1.0,0.0,1
12,18,1,2,1,2,0,1,0,5.0,0.0,1
12,19,1,2,1,2,1,1,0,3.0,0.0,1
12,20,1,2,1,2,0,1,1,,0.0,1
13,0,2,2,1,2,0,0,0,5.0,0.0,1
13,1,2,2,1,2,1,1,0,3.0,0.0,1
13,2,2,2,1,2,0,1,1,5.0,-1.0,1
13,3,2,2,0,2,1,1,0,,-1.0,1
14,0,2,1,1,2,0,0,0,3.0,0.0,1
14,1,2,2,1,2,0,1,1,0.0,-1.0,1
14,2,1,2,0,1,0,0,0,,-1.0,1
15,0,2,1,1,3,0,0,0,5.0,-1.0,1
15,1,2,2,1,3,1,1,0,,-1.0,1
16,0,0,0,1,2,0,0,0,3.0,0.0,1
16,1,0,1,1,2,0,1,1,1.0,0.0,1
16,2,0,1,1,2,0,1,0,0.0,0.0,1
16,3,0,1,1,2,0,0,0,3.0,0.0,1
16,4,0,2,1,2,0,1,1,5.0,0.0,1
16,5,0,2,1,2,1,1,0,2.0,0.0,1
16,6,0,1,1,2,0,0,1,7.0,0.0,1
16,7,0,2,1,2,1,1,1,5.0,0.0,1
16,8,0,2,1,2,1,1,0,5.0,0.0,1
16,9,0,2,1,2,1,1,0,4.0,0.0,1
16,10,0,1,1,1,1,0,0,0.0,0.0,1
16,11,0,1,1,1,0,0,0,6.0,0.0,1
16,12,0,1,1,1,1,0,1,7.0,-1.0,1
16,13,0,2,1,1,1,1,1,,-1.0,1
17,0,0,1,0,2,0,0,0,4.0,0.0,1
17,1,0,1,0,2,1,0,0,1.0,-1.0,1
17,2,0,2,0,3,0,1,0,,-1.0,1
18,0,1,1,1,1,0,0,0,3.0,0.0,1
18,1,1,2,1,1,0,1,1,3.0,0.0,1
18,2,1,2,1,1,0,1,1,5.0,0.0,1
18,3,1,2,1,1,1,1,0,0.0,0.0,1
18,4,1,2,1,1,0,0,0,4.0,0.0,1
18,5,1,2,1,1,1,0,0,1.0,-1.0,1
18,6,2,2,1,1,0,1,0,,-1.0,1
19,0,2,1,1,4,0,0,0,7.0,0.0,1
19,1,1,2,1,4,1,1,1,1.0,0.0,1
19,2,1,2,1,4,0,1,0,6.0,0.0,1
19,3,1,1,1,4,1,0,1,0.0,0.0,1
19,4,1,1,1,4,0,0,0,7.0,0.0,1
19,5,1,1,1,4,1,1,1,2.0,0.0,1
19,6,1,1,1,4,0,0,1,2.0,0.0,1
19,7,1,2,1,1,0,0,1,3.0,0.0,1
19,8,1,2,1,1,0,1,1,1.0,-1.0,1
19,9,0,2,1,1,0,1,0,,-1.0,1
20,0,1,2,1,2,0,0,0,6.0,0.0,1
20,1,1,1,1,3,1,0,1,2.0,0.0,1
20,2,1,1,1,3,0,0,1,5.0,0.0,1
20,3,1,2,1,4,1,1,0,4.0,0.0,1
20,4,1,2,1,3,1,0,0,3.0,0.0,1
20,5,1,2,1,4,0,1,1,1.0,0.0,1
20,6,1,2,1,4,0,1,0,4.0,0.0,1
20,7,1,1,1,4,1,0,0,7.0,0.0,1
20,8,1,2,1,4,1,1,1,5.0,0.0,1
20,9,1,2,1,4,1,1,0,5.0,0.0,1
20,10,1,1,1,4,1,1,0,5.0,0.0,1
20,11,1,2,1,4,1,1,0,6.0,0.0,1
20,12,1,1,1,3,1,0,1,0.0,0.0,1
20,13,2,1,1,4,0,0,0,7.0,0.0,1
20,14,1,2,1,4,1,1,1,6.0,0.0,1
20,15,1,1,1,3,1,0,1,3.0,-1.0,1
20,16,2,2,1,3,0,1,1,,-1.0,1
21,0,2,1,1,3,0,0,0,2.0,0.0,1
21,1,2,1,1,3,0,0,1,6.0,0.0,1
21,2,2,1,1,3,1,0,1,7.0,-1.0,1
21,3,2,2,1,3,1,1,1,,-1.0,1
22,0,2,0,1,2,0,0,0,1.0,0.0,1
22,1,1,1,1,2,0,1,0,7.0,0.0,1
22,2,1,1,1,2,1,1,1,5.0,0.0,1
22,3,1,2,1,2,1,1,0,6.0,0.0,1
22,4,1,2,1,2,1,0,1,7.0,0.0,1
22,5,1,2,1,2,1,1,1,1.0,0.0,1
22,6,1,2,1,2,0,1,0,0.0,0.0,1
22,7,1,2,1,1,0,0,0,6.0,0.0,1
22,8,1,1,1,1,1,0,1,6.0,0.0,1
22,9,1,1,1,1,1,0,1,2.0,0.0,1
22,10,1,1,1,1,0,0,1,1.0,0.0,1
22,11,1,2,1,1,0,1,0,7.0,0.0,1
22,12,1,2,1,1,1,1,1,4.0,0.0,1
22,13,1,1,1,1,1,0,0,5.0,0.0,1
22,14,1,1,1,1,1,1,0,6.0,0.0,1
22,15,1,1,1,1,1,0,1,7.0,0.0,1
22,16,1,2,1,1,1,1,1,2.0,0.0,1
22,17,1,1,1,0,0,0,1,5.0,0.0,1
22,18,1,2,1,0,1,1,0,1.0,-1.0,1
22,19,1,2,0,0,0,1,0,,-1.0,1
23,0,1,0,1,2,0,0,0,1.0,0.0,1
23,1,2,1,1,2,0,1,0,6.0,0.0,1
23,2,1,1,1,2,1,0,1,3.0,0.0,1
23,3,1,2,1,2,0,1,1,1.0,0.0,1
23,4,2,2,1,2,0,1,0,6.0,0.0,1
23,5,1,2,1,1,1,0,1,6.0,0.0,1
23,6,1,1,1,1,1,0,1,5.0,0.0,1
23,7,1,2,1,1,1,1,0,4.0,0.0,1
23,8,1,2,1,1,1,0,0,2.0,0.0,1
23,9,1,2,1,1,0,0,1,0.0,-1.0,1
23,10,1,2,0,1,0,0,0,,-1.0,1
24,0,2,1,1,2,0,0,0,0.0,0.0,1
24,1,2,1,1,2,0,0,0,3.0,0.0,1
24,2,2,2,1,2,0,1,1,6.0,0.0,1
24,3,1,2,1,2,1,0,1,1.0,0.0,1
24,4,1,2,1,2,0,1,0,3.0,0.0,1
24,5,1,2,1,2,0,1,1,0.0,0.0,1
24,6,1,2,0,2,0,0,0,6.0,0.0,1
24,7,1,2,1,2,1,0,1,4.0,0.0,1
24,8,1,1,1,2,1,0,0,5.0,0.0,1
24,9,1,2,1,2,1,1,0,0.0,0.0,1
24,10,1,2,1,2,0,0,0,5.0,0.0,1
24,11,1,1,1,2,1,1,0,1.0,0.0,1
24,12,1,1,0,2,0,1,0,1.0,0.0,1
24,13,1,2,0,2,0,1,0,2.0,0.0,1
24,14,1,2,1,2,0,0,1,6.0,0.0,1
24,15,1,2,1,2,1,0,1,5.0,0.0,1
24,16,1,2,1,2,1,1,0,3.0,0.0,1
24,17,1,2,1,2,0,1,1,7.0,0.0,1
24,18,1,2,1,2,1,1,1,6.0,0.0,1
24,19,1,1,1,2,1,0,1,7.0,0.0,1
24,20,1,1,1,2,1,1,1,,0.0,1
25,0,2,1,1,1,0,0,0,0.0,1.0,1
25,1,1,1,1,2,0,0,0,,1.0,1
26,0,1,1,1,3,0,0,0,4.0,0.0,1
26,1,1,1,1,2,1,0,0,5.0,0.0,1
26,2,1,2,1,3,1,1,0,3.0,0.0,1
26,3,1,2,1,4,0,1,1,4.0,0.0,1
26,4,1,2,1,4,1,0,0,4.0,0.0,1
26,5,1,2,1,4,1,0,0,6.0,0.0,1
26,6,1,1,1,4,1,0,1,6.0,0.0,1
26,7,1,1,1,4,1,0,1,4.0,0.0,1
26,8,1,1,1,3,1,0,0,2.0,0.0,1
26,9,1,1,1,2,0,0,1,6.0,0.0,1
26,10,1,1,1,1,1,0,1,1.0,0.0,1
26,11,1,2,1,1,0,1,0,1.0,0.0,1
26,12,1,2,0,2,0,1,0,2.0,0.0,1
26,13,1,2,1,2,0,0,1,0.0,-1.0,1
26,14,0,2,1,3,0,0,0,,-1.0,1
27,0,0,1,1,2,0,0,0,4.0,0.0,1
27,1,0,1,1,2,1,0,0,1.0,0.0,1
27,2,0,2,1,2,0,1,0,3.0,0.0,1
27,3,1,2,1,2,0,1,1,2.0,0.0,1
27,4,1,1,1,2,0,0,1,6.0,0.0,1
27,5,1,1,1,2,1,0,1,5.0,0.0,1
27,6,1,2,1,2,1,1,0,6.0,0.0,1
27,7,1,1,1,1,1,0,1,3.0,0.0,1
27,8,1,2,1,1,0,1,1,3.0,0.0,1
27,9,1,2,1,1,0,1,1,3.0,0.0,1
27,10,1,2,1,1,0,1,1,3.0,0.0,1
27,11,1,2,1,1,0,1,1,3.0,-1.0,1
27,12,2,2,1,1,0,1,1,,-1.0,1
28,0,1,2,0,2,0,0,0,3.0,0.0,1
28,1,0,2,1,2,0,1,1,3.0,0.0,1
28,2,0,2,1,2,0,1,1,6.0,0.0,1
28,3,0,1,1,2,1,0,1,1.0,0.0,1
28,4,0,1,1,2,0,1,0,5.0,0.0,1
28,5,0,2,1,2,1,1,0,0.0,0.0,1
28,6,0,2,1,2,0,0,0,2.0,0.0,1
28,7,0,2,1,2,0,0,1,6.0,0.0,1
28,8,0,1,1,1,1,0,1,4.0,0.0,1
28,9,0,1,1,1,1,0,0,2.0,-1.0,1
28,10,0,2,1,1,0,0,1,,-1.0,1
29,0,0,1,1,4,0,0,0,2.0,-1.0,1
29,1,0,0,1,4,0,0,1,,-1.0,1
30,0,0,1,0,2,0,0,0,6.0,0.0,1
30,1,0,1,1,2,1,0,1,4.0,0.0,1
30,2,0,1,1,2,1,0,0,2.0,0.0,1
30,3,0,1,1,2,0,0,1,3.0,0.0,1
30,4,0,2,1,2,0,1,1,5.0,0.0,1
30,5,0,2,1,2,1,1,0,0.0,0.0,1
30,6,0,2,1,2,0,0,0,1.0,0.0,1
30,7,0,2,1,2,0,1,0,1.0,0.0,1
30,8,0,2,1,2,0,1,0,4.0,0.0,1
30,9,0,2,1,2,1,0,0,7.0,0.0,1
30,10,0,2,1,2,1,1,1,4.0,0.0,1
30,11,0,2,1,2,1,0,0,5.0,0.0,1
30,12,0,2,1,2,1,1,0,0.0,0.0,1
30,13,0,2,1,2,0,0,0,7.0,0.0,1
30,14,0,2,1,2,1,1,1,7.0,0.0,1
30,15,0,2,1,2,1,1,1,6.0,-1.0,1
30,16,0,2,1,1,1,0,1,,-1.0,1
31,0,0,2,1,2,0,0,0,0.0,0.0,1
31,1,0,2,1,2,0,0,0,3.0,0.0,1
31,2,0,2,1,2,0,1,1,7.0,0.0,1
31,3,0,2,1,2,1,1,1,0.0,0.0,1
31,4,0,1,0,2,0,0,0,6.0,0.0,1
31,5,0,1,1,1,1,0,1,5.0,-1.0,1
31,6,0,2,1,1,1,1,0,,-1.0,1
32,0,1,2,1,2,0,0,0,4.0,0.0,1
32,1,1,1,1,1,1,0,0,0.0,0.0,1
32,2,1,1,1,1,0,0,0,0.0,0.0,1
32,3,1,1,1,1,0,0,0,0.0,0.0,1
32,4,1,1,1,0,0,0,0,3.0,0.0,1
32,5,2,1,1,0,0,1,1,1.0,0.0,1
32,6,2,1,1,0,0,1,0,5.0,-1.0,1
32,7,2,2,0,0,1,1,0,,-1.0,1
33,0,2,1,0,2,0,0,0,6.0,0.0,1
33,1,1,1,1,2,1,0,1,7.0,0.0,1
33,2,1,2,1,2,1,1,1,1.0,0.0,1
33,3,1,2,1,2,0,1,0,7.0,0.0,1
33,4,1,1,1,2,1,1,1,3.0,0.0,1
33,5,1,1,1,2,0,1,1,3.0,0.0,1
33,6,1,2,1,2,0,1,1,7.0,0.0,1
33,7,1,2,1,2,1,1,1,7.0,0.0,1
33,8,1,1,1,2,1,1,1,2.0,0.0,1
33,9,1,1,1,2,0,0,1,0.0,0.0,1
33,10,1,2,1,2,0,0,0,6.0,0.0,1
33,11,1,1,1,2,1,0,1,4.0,0.0,1
33,12,1,1,0,2,1,0,0,1.0,0.0,1
33,13,1,2,1,2,0,1,0,6.0,0.0,1
33,14,1,1,1,2,1,0,1,5.0,0.0,1
33,15,1,2,1,2,1,1,0,5.0,0.0,1
33,16,1,2,1,2,1,1,0,4.0,0.0,1
33,17,1,2,1,2,1,0,0,3.0,0.0,1
33,18,1,2,1,2,0,1,1,3.0,0.0,1
33,19,1,2,1,2,0,1,1,7.0,0.0,1
33,20,1,2,1,2,1,1,1,,0.0,1
34,0,2,0,1,2,0,0,0,1.0,0.0,1
34,1,2,0,1,2,0,1,0,1.0,0.0,1
34,2,2,1,1,2,0,1,0,7.0,0.0,1
34,3,2,2,1,2,1,1,1,7.0,0.0,1
34,4,1,2,1,2,1,1,1,0.0,-1.0,1
34,5,1,2,0,1,0,0,0,,-1.0,1
35,0,1,2,1,3,0,0,0,4.0,0.0,1
35,1,1,1,1,2,1,0,0,4.0,0.0,1
35,2,1,1,1,3,1,0,0,3.0,-1.0,1
35,3,2,2,1,3,0,1,1,,-1.0,1
36,0,2,1,1,1,0,0,0,3.0,-1.0,1
36,1,2,2,1,1,0,1,1,,-1.0,1
37,0,1,2,1,3,0,0,0,0.0,0.0,1
37,1,1,2,1,1,0,0,0,4.0,0.0,1
37,2,1,2,1,1,1,0,0,3.0,0.0,1
37,3,1,2,1,1,0,1,1,0.0,0.0,1
37,4,1,2,1,0,0,0,0,6.0,0.0,1
37,5,1,2,1,0,1,0,1,1.0,0.0,1
37,6,1,2,1,0,0,1,0,5.0,0.0,1
37,7,1,1,1,0,1,1,0,4.0,0.0,1
37,8,1,1,1,1,1,0,0,3.0,0.0,1
37,9,1,1,1,1,0,1,1,2.0,0.0,1
37,10,1,1,1,0,0,0,1,2.0,0.0,1
37,11,1,0,1,0,0,0,1,2.0,0.0,1
37,12,1,0,1,0,0,0,1,4.0,0.0,1
37,13,1,0,1,0,1,0,0,5.0,0.0,1
37,14,1,1,1,0,1,1,0,3.0,0.0,1
37,15,1,2,1,0,0,1,1,2.0,-1.0,1
37,16,0,2,1,0,0,0,1,,-1.0,1
38,0,0,1,0,2,0,0,0,4.0,0.0,1
38,1,0,1,1,1,1,0,0,4.0,0.0,1
38,2,0,1,1,0,1,0,0,5.0,-1.0,1
38,3,0,2,1,0,1,1,0,,-1.0,1
39,0,1,1,1,0,0,0,0,7.0,0.0,1
39,1,1,2,1,0,1,1,1,7.0,0.0,1
39,2,1,2,1,0,1,1,1,0.0,0.0,1
39,3,1,2,1,1,0,0,0,5.0,0.0,1
39,4,1,2,1,1,1,1,0,6.0,0.0,1
39,5,1,2,1,1,1,0,1,2.0,0.0,1
39,6,1,2,1,1,0,0,1,6.0,0.0,1
39,7,1,2,1,1,1,0,1,5.0,0.0,1
39,8,1,2,1,1,1,1,0,5.0,0.0,1
39,9,1,1,1,1,1,1,0,0.0,0.0,1
39,10,1,1,0,1,0,0,0,0.0,-1.0,1
39,11,2,1,0,1,0,0,0,,-1.0,1
40,0,0,1,1,4,0,0,0,3.0,-1.0,1
40,1,0,2,1,4,0,1,1,,-1.0,1
41,0,1,1,1,1,0,0,0,7.0,0.0,1
41,1,1,1,1,1,1,1,1,3.0,0.0,1
41,2,1,1,1,1,0,1,1,3.0,0.0,1
41,3,1,2,1,1,0,1,1,4.0,-1.0,1
41,4,1,2,0,1,1,0,0,,-1.0,1
42,0,1,0,1,3,0,0,0,3.0,0.0,1
42,1,1,0,1,3,0,1,1,1.0,0.0,1
42,2,1,1,1,3,0,1,0,0.0,0.0,1
42,3,1,1,1,3,0,0,0,3.0,0.0,1
42,4,1,2,1,3,0,1,1,7.0,0.0,1
42,5,1,1,1,3,1,1,1,7.0,0.0,1
42,6,1,2,1,3,1,1,1,6.0,0.0,1
42,7,1,2,1,3,1,0,1,0.0,0.0,1
42,8,1,2,1,3,0,0,0,0.0,0.0,1
42,9,1,2,1,3,0,0,0,3.0,0.0,1
42,10,1,2,1,3,0,1,1,3.0,0.0,1
42,11,1,2,1,3,0,1,1,4.0,0.0,1
42,12,1,1,1,3,1,0,0,1.0,0.0,1
42,13,1,2,1,3,0,1,0,6.0,0.0,1
42,14,1,1,1,3,1,0,1,1.0,0.0,1
42,15,1,2,1,3,0,1,0,7.0,0.0,1
42,16,1,2,1,3,1,1,1,2.0,-1.0,1
42,17,2,2,1,3,0,0,1,,-1.0,1
43,0,1,1,1,3,0,0,0,0.0,0.0,1
43,1,1,1,1,3,0,0,0,2.0,-1.0,1
43,2,0,2,1,3,0,0,1,,-1.0,1
44,0,1,1,0,2,0,0,0,6.0,0.0,1
44,1,1,1,1,2,1,0,1,0.0,0.0,1
44,2,2,1,1,2,0,0,0,7.0,0.0,1
44,3,1,2,1,2,1,1,1,1.0,0.0,1
44,4,1,2,0,2,0,1,0,0.0,0.0,1
44,5,1,2,0,2,0,0,0,0.0,0.0,1
44,6,1,2,0,2,0,0,0,0.0,-1.0,1
44,7,1,2,0,1,0,0,0,,-1.0,1
45,0,0,1,1,2,0,0,0,5.0,0.0,1
45,1,0,1,1,2,1,1,0,3.0,0.0,1
45,2,0,1,1,2,0,1,1,1.0,0.0,1
45,3,1,2,1,2,0,1,0,0.0,0.0,1
45,4,0,2,1,2,0,0,0,6.0,0.0,1
45,5,0,1,1,2,1,0,1,6.0,0.0,1
45,6,0,1,1,1,1,0,1,3.0,0.0,1
45,7,0,1,1,1,0,1,1,3.0,0.0,1
45,8,0,1,1,1,0,1,1,5.0,-1.0,1
45,9,0,1,0,1,1,1,0,,-1.0,1
46,0,2,1,1,1,0,0,0,5.0,-1.0,1
46,1,2,2,1,1,1,1,0,,-1.0,1
47,0,0,1,1,2,0,0,0,4.0,0.0,1
47,1,0,1,1,1,1,0,0,4.0,0.0,1
47,2,0,1,1,1,1,0,0,0.0,0.0,1
47,3,0,1,1,1,0,0,0,5.0,0.0,1
47,4,0,1,1,1,1,1,0,6.0,0.0,1
47,5,0,1,1,1,1,0,1,0.0,-1.0,1
47,6,0,2,1,1,0,0,0,,-1.0,1
48,0,1,1,0,2,0,0,0,3.0,0.0,1
48,1,1,2,0,2,0,1,1,7.0,0.0,1
48,2,1,2,1,2,1,1,1,7.0,0.0,1
48,3,1,2,1,2,1,1,1,3.0,0.0,1
48,4,1,2,1,2,0,1,1,1.0,0.0,1
48,5,1,2,1,2,0,1,0,0.0,0.0,1
48,6,1,2,1,2,0,0,0,4.0,0.0,1
48,7,1,1,1,2,1,0,0,3.0,0.0,1
48,8,1,1,1,2,0,1,1,5.0,0.0,1
48,9,1,2,1,2,1,1,0,4.0,0.0,1
48,10,1,1,1,2,1,0,0,2.0,0.0,1
48,11,2,1,1,1,0,0,1,4.0,0.0,1
48,12,1,1,1,1,1,0,0,0.0,0.0,1
48,13,1,1,1,0,0,0,0,0.0,0.0,1
48,14,1,2,1,0,0,0,0,4.0,0.0,1
48,15,1,1,1,0,1,0,0,5.0,0.0,1
48,16,1,2,1,0,1,1,0,3.0,0.0,1
48,17,1,2,1,0,0,1,1,5.0,0.0,1
48,18,1,2,1,0,1,1,0,3.0,0.0,1
48,19,1,2,1,0,0,1,1,2.0,0.0,1
48,20,1,2,1,0,0,0,1,,0.0,1
49,0,0,1,1,3,0,0,0,3.0,-1.0,1
49,1,0,2,1,4,0,1,1,,-1.0,1
50,0,1,2,1,3,0,0,0,2.0,0.0,1
50,1,1,2,1,3,0,0,1,0.0,-1.0,1
50,2,1,2,0,3,0,0,0,,-1.0,1
51,0,1,2,1,2,0,0,0,0.0,0.0,1
51,1,1,2,1,2,0,0,0,1.0,0.0,1
51,2,2,2,1,2,0,1,0,0.0,-1.0,1
51,3,2,2,0,2,0,0,0,,-1.0,1
52,0,1,1,1,0,0,0,0,0.0,0.0,1
52,1,1,1,1,0,0,0,0,3.0,0.0,1
52,2,1,2,1,0,0,1,1,4.0,0.0,1
52,3,1,0,1,0,1,0,0,2.0,0.0,1
52,4,1,0,1,0,0,0,1,1.0,0.0,1
52,5,1,1,1,0,0,1,0,5.0,0.0,1
52,6,1,2,1,0,1,1,0,1.0,0.0,1
52,7,1,2,1,0,0,1,0,3.0,0.0,1
52,8,1,2,1,0,0,1,1,7.0,0.0,1
52,9,1,2,1,0,1,1,1,4.0,-1.0,1
52,10,1,0,0,0,1,0,0,,-1.0,1
53,0,1,0,1,1,0,0,0,2.0,0.0,1
53,1,1,0,1,0,0,0,1,4.0,0.0,1
53,2,1,0,1,0,1,0,0,3.0,0.0,1
53,3,1,0,1,0,0,1,1,1.0,0.0,1
53,4,0,1,1,0,0,1,0,2.0,0.0,1
53,5,1,1,1,0,0,0,1,3.0,0.0,1
53,6,1,2,1,0,0,1,1,4.0,-1.0,1
53,7,1,2,0,0,1,0,0,,-1.0,1
54,0,1,1,1,4,0,0,0,1.0,0.0,1
54,1,1,2,1,4,0,1,0,2.0,0.0,1
54,2,1,2,1,3,0,0,1,2.0,0.0,1
54,3,1,2,1,2,0,0,1,7.0,0.0,1
54,4,1,2,1,3,1,1,1,7.0,0.0,1
54,5,1,2,1,3,1,1,1,0.0,0.0,1
54,6,1,2,1,4,0,0,0,0.0,0.0,1
54,7,1,2,1,4,0,0,0,7.0,0.0,1
54,8,1,2,1,4,1,1,1,6.0,0.0,1
54,9,1,1,1,4,1,0,1,6.0,0.0,1
54,10,1,1,1,3,1,0,1,1.0,-1.0,1
54,11,1,2,0,4,0,1,0,,-1.0,1
55,0,0,1,1,2,0,0,0,0.0,0.0,1
55,1,0,1,1,2,0,0,0,7.0,0.0,1
55,2,0,2,1,2,1,1,1,7.0,0.0,1
55,3,0,1,1,2,1,1,1,3.0,0.0,1
55,4,0,1,1,2,0,1,1,4.0,0.0,1
55,5,0,1,1,2,1,0,0,2.0,0.0,1
55,6,0,1,1,2,0,0,1,7.0,0.0,1
55,7,0,2,1,2,1,1,1,3.0,0.0,1
55,8,0,2,1,2,0,1,1,3.0,0.0,1
55,9,0,2,1,2,0,1,1,1.0,0.0,1
55,10,0,2,1,2,0,1,0,4.0,0.0,1
55,11,0,1,1,2,1,0,0,4.0,0.0,1
55,12,0,1,1,1,1,0,0,1.0,-1.0,1
55,13,0,2,0,1,0,1,0,,-1.0,1
56,0,0,2,1,2,0,0,0,5.0,0.0,1
56,1,0,1,1,2,1,1,0,4.0,0.0,1
56,2,0,1,1,2,1,0,0,5.0,-1.0,1
56,3,0,2,0,2,1,1,0,,-1.0,1
57,0,1,0,1,2,0,0,0,5.0,0.0,1
57,1,1,1,1,2,1,1,0,1.0,0.0,1
57,2,1,2,0,2,0,1,0,3.0,0.0,1
57,3,1,2,0,2,0,1,1,1.0,0.0,1
57,4,1,2,0,2,0,1,0,6.0,0.0,1
57,5,1,1,1,2,1,0,1,5.0,0.0,1
57,6,1,2,1,2,1,1,0,2.0,0.0,1
57,7,1,2,1,2,0,0,1,2.0,0.0,1
57,8,1,2,1,2,0,0,1,2.0,0.0,1
57,9,1,2,1,2,0,0,1,4.0,0.0,1
57,10,1,1,1,2,1,0,0,2.0,0.0,1
57,11,1,1,1,1,0,0,1,4.0,0.0,1
57,12,1,1,1,0,1,0,0,0.0,0.0,1
57,13,1,1,1,0,0,0,0,7.0,0.0,1
57,14,1,1,1,0,1,1,1,6.0,0.0,1
57,15,1,1,1,0,1,0,1,5.0,0.0,1
57,16,1,2,1,0,1,1,0,7.0,0.0,1
57,17,1,2,1,0,1,1,1,5.0,0.0,1
57,18,1,2,1,0,1,1,0,6.0,0.0,1
57,19,1,1,1,0,1,0,1,1.0,0.0,1
57,20,1,2,1,0,0,1,0,,0.0,1
58,0,1,0,1,2,0,0,0,6.0,0.0,1
58,1,1,0,1,2,1,0,1,5.0,0.0,1
58,2,1,1,1,2,1,1,0,5.0,0.0,1
58,3,1,2,1,2,1,1,0,7.0,0.0,1
58,4,1,1,1,2,1,1,1,2.0,0.0,1
58,5,1,1,1,2,0,0,1,3.0,0.0,1
58,6,1,2,1,2,0,1,1,3.0,0.0,1
58,7,1,2,1,2,0,1,1,2.0,0.0,1
58,8,1,2,1,2,0,0,1,7.0,0.0,1
58,9,1,2,1,2,1,1,1,0.0,0.0,1
58,10,1,2,1,2,0,0,0,5.0,0.0,1
58,11,1,2,1,2,1,1,0,7.0,0.0,1
58,12,1,2,1,2,1,1,1,5.0,0.0,1
58,13,1,2,1,2,1,1,0,2.0,0.0,1
58,14,1,2,1,2,0,0,1,2.0,0.0,1
58,15,1,2,1,2,0,0,1,3.0,0.0,1
58,16,2,2,1,2,0,1,1,6.0,0.0,1
58,17,2,0,1,2,1,0,1,6.0,-1.0,1
58,18,2,0,1,1,1,0,1,,-1.0,1
59,0,2,1,1,4,0,0,0,5.0,-1.0,1
59,1,2,2,1,4,1,1,0,,-1.0,1
60,0,1,2,1,3,0,0,0,7.0,0.0,1
60,1,1,2,1,4,1,1,1,0.0,0.0,1
60,2,1,2,1,4,0,0,0,0.0,0.0,1
60,3,1,2,1,3,0,0,0,4.0,0.0,1
60,4,1,2,1,3,1,0,0,7.0,0.0,1
60,5,1,2,1,3,1,1,1,1.0,0.0,1
60,6,1,2,1,3,0,1,0,2.0,0.0,1
60,7,1,2,1,3,0,0,1,4.0,0.0,1
60,8,1,1,1,4,1,0,0,1.0,0.0,1
60,9,1,1,1,4,0,1,0,3.0,-1.0,1
60,10,2,2,1,4,0,1,1,,-1.0,1
61,0,2,0,1,2,0,0,0,0.0,0.0,1
61,1,2,0,1,2,0,0,0,4.0,0.0,1
61,2,2,0,1,2,1,0,0,4.0,0.0,1
61,3,1,0,1,2,1,0,0,2.0,0.0,1
61,4,1,0,1,2,0,0,1,4.0,0.0,1
61,5,1,0,1,2,1,0,0,6.0,0.0,1
61,6,1,0,1,2,1,0,1,7.0,0.0,1
61,7,1,1,1,2,1,1,1,1.0,0.0,1
61,8,1,2,0,2,0,1,0,4.0,0.0,1
61,9,1,2,0,2,1,0,0,6.0,0.0,1
61,10,1,2,0,2,1,0,1,6.0,0.0,1
61,11,1,2,0,2,1,0,1,7.0,0.0,1
61,12,1,2,0,2,1,1,1,0.0,-1.0,1
61,13,1,2,0,1,0,0,0,,-1.0,1
62,0,1,1,1,0,0,0,0,6.0,0.0,1
62,1,1,1,1,0,1,0,1,4.0,0.0,1
62,2,1,1,1,0,1,0,0,0.0,0.0,1
62,3,1,1,1,1,0,0,0,6.0,0.0,1
62,4,1,1,1,1,1,0,1,3.0,-1.0,1
62,5,2,2,1,1,0,1,1,,-1.0,1
63,0,2,0,1,2,0,0,0,7.0,0.0,1
63,1,2,1,1,2,1,1,1,0.0,0.0,1
63,2,2,2,1,2,0,0,0,4.0,0.0,1
63,3,1,1,1,2,1,0,0,3.0,0.0,1
63,4,1,2,1,2,0,1,1,6.0,0.0,1
63,5,1,1,1,2,1,0,1,3.0,0.0,1
63,6,2,2,1,2,0,1,1,5.0,0.0,1
63,7,1,2,1,2,1,1,0,0.0,0.0,1
63,8,1,2,1,2,0,0,0,2.0,0.0,1
63,9,0,2,1,2,0,0,1,1.0,0.0,1
63,10,0,2,1,2,0,1,0,2.0,0.0,1
63,11,0,2,1,2,0,0,1,5.0,0.0,1
63,12,0,2,1,2,1,1,0,3.0,0.0,1
63,13,0,2,1,2,0,1,1,7.0,0.0,1
63,14,0,2,1,2,1,1,1,6.0,0.0,1
63,15,0,2,1,2,1,0,1,3.0,0.0,1
63,16,0,2,1,2,0,1,1,1.0,0.0,1
63,17,0,2,1,2,0,1,0,2.0,0.0,1
63,18,1,2,1,2,0,0,1,7.0,0.0,1
63,19,1,2,1,2,1,1,1,7.0,0.0,1
63,20,1,2,1,2,1,1,1,,0.0,1
64,0,1,1,1,3,0,0,0,3.0,0.0,1
64,1,1,1,1,4,0,1,1,0.0,0.0,1
64,2,1,1,1,4,0,0,0,5.0,0.0,1
64,3,1,1,1,4,1,1,0,2.0,0.0,1
64,4,1,1,1,3,0,0,1,0.0,0.0,1
64,5,0,1,1,3,0,0,0,1.0,-1.0,1
64,6,0,2,1,3,0,1,0,,-1.0,1
65,0,2,1,1,2,0,0,0,0.0,0.0,1
65,1,2,1,1,2,0,0,0,2.0,0.0,1
65,2,1,1,1,2,0,0,1,1.0,0.0,1
65,3,0,2,1,2,0,1,0,7.0,0.0,1
65,4,0,2,1,2,1,1,1,2.0,0.0,1
65,5,0,1,1,2,0,0,1,6.0,0.0,1
65,6,0,1,1,2,1,0,1,6.0,0.0,1
65,7,0,1,1,2,1,0,1,2.0,0.0,1
65,8,0,1,1,2,0,0,1,3.0,0.0,1
65,9,0,2,1,2,0,1,1,0.0,0.0,1
65,10,0,1,0,2,0,0,0,2.0,0.0,1
65,11,0,1,0,2,0,0,1,4.0,0.0,1
65,12,0,1,0,2,1,0,0,5.0,-1.0,1
65,13,0,2,0,2,1,1,0,,-1.0,1
66,0,0,2,1,2,0,0,0,2.0,0.0,1
66,1,0,2,1,2,0,0,1,0.0,0.0,1
66,2,1,2,0,2,0,0,0,4.0,0.0,1
66,3,1,1,0,2,1,0,0,3.0,0.0,1
66,4,1,2,0,2,0,1,1,7.0,0.0,1
66,5,1,2,1,2,1,1,1,3.0,0.0,1
66,6,1,2,1,2,0,1,1,1.0,0.0,1
66,7,0,2,1,2,0,1,0,7.0,0.0,1
66,8,0,2,1,2,1,1,1,1.0,0.0,1
66,9,0,2,1,2,0,1,0,5.0,0.0,1
66,10,0,2,1,2,1,1,0,4.0,0.0,1
66,11,0,1,1,2,1,0,0,0.0,-1.0,1
66,12,0,2,1,1,0,0,0,,-1.0,1
67,0,0,1,1,1,0,0,0,6.0,0.0,1
67,1,0,1,1,1,1,0,1,2.0,0.0,1
67,2,0,1,1,1,0,0,1,7.0,0.0,1
67,3,0,1,1,1,1,1,1,4.0,0.0,1
67,4,0,1,1,1,1,0,0,6.0,0.0,1
67,5,0,1,1,0,1,0,1,0.0,0.0,1
67,6,0,1,1,0,0,0,0,5.0,-1.0,1
67,7,0,2,1,0,1,1,0,,-1.0,1
68,0,0,1,1,2,0,0,0,0.0,0.0,1
68,1,0,1,1,2,0,0,0,1.0,0.0,1
68,2,0,1,1,2,0,1,0,7.0,0.0,1
68,3,0,1,1,2,1,1,1,0.0,0.0,1
68,4,0,0,1,2,0,0,0,1.0,-1.0,1
68,5,0,0,0,2,0,1,0,,-1.0,1
69,0,2,2,1,2,0,0,0,6.0,0.0,1
69,1,1,2,1,2,1,0,1,6.0,0.0,1
69,2,1,2,1,2,1,0,1,3.0,0.0,1
69,3,1,2,1,2,0,1,1,5.0,0.0,1
69,4,1,2,1,2,1,1,0,1.0,0.0,1
69,5,1,2,1,2,0,1,0,0.0,0.0,1
69,6,1,2,1,1,0,0,0,1.0,0.0,1
69,7,1,2,1,1,0,1,0,3.0,0.0,1
69,8,1,2,1,1,0,1,1,4.0,0.0,1
69,9,1,1,1,1,1,0,0,1.0,0.0,1
69,10,1,2,1,1,0,1,0,7.0,0.0,1
69,11,1,1,1,1,1,1,1,7.0,0.0,1
69,12,1,2,1,1,1,1,1,6.0,0.0,1
69,13,1,2,1,0,1,0,1,7.0,0.0,1
69,14,1,1,1,0,1,1,1,6.0,0.0,1
69,15,1,1,1,0,1,0,1,6.0,0.0,1
69,16,1,1,1,0,1,0,1,4.0,0.0,1
69,17,1,1,0,1,1,0,0,5.0,-1.0,1
69,18,1,2,0,1,1,1,0,,-1.0,1
70,0,1,1,1,3,0,0,0,1.0,0.0,1
70,1,1,2,1,3,0,1,0,2.0,0.0,1
70,2,1,2,1,2,0,0,1,7.0,0.0,1
70,3,1,2,1,2,1,1,1,6.0,0.0,1
70,4,1,1,1,1,1,0,1,6.0,0.0,1
70,5,1,1,1,1,1,0,1,0.0,1.0,1
70,6,1,1,1,2,0,0,0,,1.0,1
71,0,2,1,1,2,0,0,0,0.0,0.0,1
71,1,2,1,1,2,0,0,0,5.0,0.0,1
71,2,1,2,1,2,1,1,0,0.0,0.0,1
71,3,1,2,1,2,0,0,0,2.0,0.0,1
71,4,1,2,1,2,0,0,1,0.0,0.0,1
71,5,1,2,1,2,0,0,0,7.0,0.0,1
71,6,1,2,1,2,1,1,1,1.0,0.0,1
71,7,1,2,0,2,0,1,0,3.0,0.0,1
71,8,0,2,1,2,0,1,1,1.0,0.0,1
71,9,0,2,1,2,0,1,0,0.0,-1.0,1
71,10,0,2,1,1,0,0,0,,-1.0,1
72,0,0,1,1,2,0,0,0,4.0,0.0,1
72,1,0,1,1,2,1,0,0,3.0,0.0,1
72,2,0,2,1,2,0,1,1,6.0,0.0,1
72,3,0,2,1,2,1,0,1,3.0,0.0,1
72,4,0,2,1,2,0,1,1,0.0,0.0,1
72,5,0,2,1,2,0,0,0,6.0,0.0,1
72,6,0,1,1,1,1,0,1,0.0,-1.0,1
72,7,0,1,0,1,0,0,0,,-1.0,1
73,0,2,2,1,2,0,0,0,4.0,0.0,1
73,1,1,1,1,1,1,0,0,4.0,0.0,1
73,2,1,1,1,1,1,0,0,3.0,0.0,1
73,3,1,2,1,1,0,1,1,5.0,0.0,1
73,4,1,2,1,1,1,1,0,4.0,0.0,1
73,5,1,2,1,1,1,0,0,5.0,0.0,1
73,6,1,2,1,1,1,1,0,5.0,0.0,1
73,7,1,2,1,1,1,1,0,5.0,0.0,1
73,8,1,2,1,1,1,1,0,5.0,0.0,1
73,9,1,2,1,1,1,1,0,4.0,0.0,1
73,10,1,1,1,1,1,0,0,2.0,0.0,1
73,11,1,1,1,1,0,0,1,7.0,0.0,1
73,12,1,1,1,1,1,1,1,4.0,0.0,1
73,13,1,1,0,1,1,0,0,6.0,0.0,1
73,14,1,1,1,1,1,0,1,2.0,0.0,1
73,15,1,1,1,1,0,0,1,0.0,0.0,1
73,16,1,1,1,1,0,0,0,5.0,0.0,1
73,17,1,2,1,1,1,1,0,6.0,0.0,1
73,18,1,1,1,1,1,0,1,2.0,0.0,1
73,19,2,1,1,1,0,0,1,5.0,0.0,1
73,20,1,2,1,1,1,1,0,,0.0,1
74,0,1,2,0,2,0,0,0,2.0,0.0,1
74,1,1,2,1,2,0,0,1,7.0,0.0,1
74,2,1,2,1,2,1,1,1,5.0,0.0,1
74,3,1,2,1,2,1,1,0,5.0,0.0,1
74,4,1,2,1,2,1,1,0,6.0,0.0,1
74,5,1,2,1,2,1,0,1,1.0,0.0,1
74,6,1,2,1,2,0,1,0,1.0,0.0,1
74,7,1,2,1,2,0,1,0,0.0,0.0,1
74,8,1,2,1,2,0,0,0,4.0,0.0,1
74,9,1,1,1,2,1,0,0,3.0,0.0,1
74,10,1,1,1,2,0,1,1,2.0,0.0,1
74,11,1,1,1,2,0,0,1,1.0,0.0,1
74,12,1,2,0,2,0,1,0,6.0,0.0,1
74,13,1,1,1,2,1,0,1,3.0,0.0,1
74,14,1,2,1,2,0,1,1,4.0,0.0,1
74,15,1,0,1,2,1,0,0,0.0,0.0,1
74,16,1,0,1,2,0,0,0,7.0,0.0,1
74,17,1,1,1,2,1,1,1,6.0,0.0,1
74,18,1,0,1,2,1,0,1,1.0,0.0,1
74,19,1,1,1,2,0,1,0,4.0,0.0,1
74,20,1,1,1,2,1,0,0,,0.0,1
75,0,2,0,1,2,0,0,0,7.0,0.0,1
75,1,1,1,1,2,1,1,1,4.0,0.0,1
75,2,1,1,1,2,1,0,0,2.0,0.0,1
75,3,1,1,1,2,0,0,1,7.0,0.0,1
75,4,1,2,1,2,1,1,1,7.0,0.0,1
75,5,1,2,1,2,1,1,1,0.0,0.0,1
75,6,1,2,1,2,0,0,0,2.0,0.0,1
75,7,1,2,1,1,0,0,1,1.0,0.0,1
75,8,1,2,1,1,0,1,0,6.0,0.0,1
75,9,1,1,1,1,1,0,1,4.0,0.0,1
75,10,1,1,0,1,1,0,0,2.0,0.0,1
75,11,1,1,1,1,0,0,1,0.0,0.0,1
75,12,1,1,1,1,0,0,0,0.0,0.0,1
75,13,1,1,1,1,0,0,0,5.0,0.0,1
75,14,1,1,1,1,1,1,0,1.0,0.0,1
75,15,1,2,1,1,0,1,0,3.0,0.0,1
75,16,1,2,1,1,0,1,1,2.0,0.0,1
75,17,1,2,1,1,0,0,1,2.0,0.0,1
75,18,1,2,1,0,0,0,1,7.0,0.0,1
75,19,1,1,1,0,1,1,1,7.0,0.0,1
75,20,1,2,1,0,1,1,1,,0.0,1
76,0,0,1,1,1,0,0,0,5.0,-1.0,1
76,1,0,2,1,1,1,1,0,,-1.0,1
77,0,1,1,1,3,0,0,0,3.0,0.0,1
77,1,1,2,1,3,0,1,1,1.0,0.0,1
77,2,1,2,1,3,0,1,0,2.0,0.0,1
77,3,1,1,1,3,0,0,1,4.0,0.0,1
77,4,1,1,1,3,1,0,0,6.0,0.0,1
77,5,1,1,1,3,1,0,1,5.0,0.0,1
77,6,1,2,1,3,1,1,0,0.0,0.0,1
77,7,1,2,1,3,0,0,0,3.0,0.0,1
77,8,1,2,1,3,0,1,1,3.0,0.0,1
77,9,1,2,1,3,0,1,1,0.0,0.0,1
77,10,1,2,1,3,0,0,0,4.0,0.0,1
77,11,1,2,1,3,1,0,0,7.0,0.0,1
77,12,1,1,1,3,1,1,1,1.0,0.0,1
77,13,1,2,1,3,0,1,0,5.0,-1.0,1
77,14,1,2,0,3,1,1,0,,-1.0,1
78,0,0,1,1,3,0,0,0,5.0,-1.0,1
78,1,0,2,1,3,1,1,0,,-1.0,1
79,0,1,0,1,0,0,0,0,6.0,0.0,1
79,1,1,0,1,0,1,0,1,7.0,0.0,1
79,2,1,1,1,0,1,1,1,6.0,0.0,1
79,3,1,1,1,0,1,0,1,3.0,0.0,1
79,4,2,1,1,0,0,1,1,4.0,0.0,1
79,5,1,1,1,1,1,0,0,4.0,0.0,1
79,6,1,1,0,0,1,0,0,5.0,-1.0,1
79,7,1,2,0,0,1,1,0,,-1.0,1
80,0,0,1,1,2,0,0,0,0.0,0.0,1
80,1,0,1,1,2,0,0,0,3.0,0.0,1
80,2,0,1,1,2,0,1,1,6.0,0.0,1
80,3,0,1,1,2,1,0,1,5.0,0.0,1
80,4,0,2,1,2,1,1,0,7.0,0.0,1
80,5,0,2,1,2,1,1,1,1.0,0.0,1
80,6,0,2,1,2,0,1,0,6.0,-1.0,1
80,7,0,0,1,1,1,0,1,,-1.0,1
81,0,0,1,1,3,0,0,0,4.0,0.0,1
81,1,0,1,1,3,1,0,0,6.0,0.0,1
81,2,0,1,1,3,1,0,1,6.0,0.0,1
81,3,0,1,1,3,1,0,1,6.0,0.0,1
81,4,0,1,1,3,1,0,1,7.0,-1.0,1
81,5,0,2,1,3,1,1,1,,-1.0,1
82,0,1,2,1,3,0,0,0,6.0,0.0,1
82,1,1,2,1,3,1,0,1,3.0,0.0,1
82,2,1,2,1,3,0,1,1,7.0,0.0,1
82,3,1,2,1,3,1,1,1,6.0,0.0,1
82,4,1,0,1,3,1,0,1,4.0,0.0,1
82,5,1,0,1,3,1,0,0,7.0,0.0,1
82,6,1,1,1,3,1,1,1,4.0,0.0,1
82,7,1,0,1,1,1,0,0,4.0,0.0,1
82,8,1,0,1,1,1,0,0,7.0,0.0,1
82,9,1,1,1,1,1,1,1,0.0,0.0,1
82,10,1,1,1,1,0,0,0,7.0,0.0,1
82,11,1,1,1,1,1,1,1,3.0,0.0,1
82,12,1,2,1,1,0,1,1,7.0,0.0,1
82,13,1,2,1,1,1,1,1,6.0,0.0,1
82,14,1,1,1,1,1,0,1,2.0,0.0,1
82,15,1,1,1,1,0,0,1,3.0,0.0,1
82,16,1,1,1,1,0,1,1,0.0,0.0,1
82,17,1,1,1,0,0,0,0,7.0,0.0,1
82,18,1,2,1,0,1,1,1,4.0,0.0,1
82,19,1,2,1,0,1,0,0,1.0,0.0,1
82,20,1,2,1,0,0,1,0,,0.0,1
83,0,0,1,1,2,0,0,0,0.0,0.0,1
83,1,0,1,1,2,0,0,0,6.0,0.0,1
83,2,0,1,1,2,1,0,1,6.0,0.0,1
83,3,0,1,1,1,1,0,1,0.0,0.0,1
83,4,0,1,1,1,0,0,0,4.0,0.0,1
83,5,0,1,1,1,1,0,0,2.0,0.0,1
83,6,0,1,1,1,0,0,1,1.0,-1.0,1
83,7,0,2,1,1,0,1,0,,-1.0,1
84,0,1,2,1,3,0,0,0,1.0,0.0,1
84,1,1,2,1,4,0,1,0,5.0,-1.0,1
84,2,1,2,0,4,1,1,0,,-1.0,1
85,0,1,1,0,3,0,0,0,7.0,0.0,1
85,1,1,1,0,3,1,1,1,0.0,0.0,1
85,2,1,1,0,3,0,0,0,2.0,0.0,1
85,3,1,1,1,3,0,0,1,2.0,0.0,1
85,4,1,1,1,3,0,0,1,7.0,0.0,1
85,5,1,2,1,3,1,1,1,4.0,0.0,1
85,6,1,2,1,3,1,0,0,0.0,0.0,1
85,7,1,2,1,3,0,0,0,0.0,0.0,1
85,8,1,1,1,3,0,0,0,1.0,0.0,1
85,9,0,1,1,3,0,1,0,4.0,0.0,1
85,10,0,1,1,3,1,0,0,4.0,0.0,1
85,11,0,1,1,3,1,0,0,2.0,0.0,1
85,12,0,1,1,3,0,0,1,4.0,0.0,1
85,13,0,1,1,3,1,0,0,6.0,0.0,1
85,14,0,1,1,3,1,0,1,2.0,0.0,1
85,15,0,1,1,3,0,0,1,4.0,0.0,1
85,16,0,1,1,3,1,0,0,5.0,-1.0,1
85,17,0,2,1,3,1,1,0,,-1.0,1
86,0,1,2,1,2,0,0,0,0.0,0.0,1
86,1,1,2,1,2,0,0,0,7.0,0.0,1
86,2,1,2,1,2,1,1,1,0.0,0.0,1
86,3,2,2,1,2,0,0,0,1.0,0.0,1
86,4,2,2,1,2,0,1,0,7.0,0.0,1
86,5,1,1,1,2,1,1,1,7.0,0.0,1
86,6,1,2,1,2,1,1,1,0.0,0.0,1
86,7,1,2,1,2,0,0,0,1.0,0.0,1
86,8,1,2,1,2,0,1,0,2.0,0.0,1
86,9,1,2,1,2,0,0,1,5.0,0.0,1
86,10,1,2,1,2,1,1,0,2.0,0.0,1
86,11,1,2,1,2,0,0,1,6.0,0.0,1
86,12,1,1,1,2,1,0,1,5.0,0.0,1
86,13,1,1,1,2,1,1,0,3.0,0.0,1
86,14,1,2,1,2,0,1,1,5.0,0.0,1
86,15,1,1,0,2,1,1,0,6.0,0.0,1
86,16,1,1,0,1,1,0,1,7.0,0.0,1
86,17,1,1,1,1,1,1,1,6.0,0.0,1
86,18,1,1,1,1,1,0,1,0.0,0.0,1
86,19,1,1,1,1,0,0,0,2.0,0.0,1
86,20,2,1,1,1,0,0,1,,0.0,1
87,0,0,1,1,2,0,0,0,5.0,0.0,1
87,1,0,1,1,2,1,1,0,3.0,0.0,1
87,2,0,1,1,2,0,1,1,0.0,1.0,1
87,3,1,1,1,2,0,0,0,,1.0,1
88,0,0,2,1,2,0,0,0,1.0,0.0,1
88,1,0,2,1,2,0,1,0,2.0,0.0,1
88,2,0,2,1,2,0,0,1,3.0,0.0,1
88,3,1,2,1,2,0,1,1,1.0,0.0,1
88,4,1,2,1,2,0,1,0,7.0,0.0,1
88,5,1,2,1,2,1,1,1,5.0,0.0,1
88,6,1,1,0,2,1,1,0,6.0,0.0,1
88,7,1,1,1,1,1,0,1,2.0,0.0,1
88,8,1,1,1,0,0,0,1,2.0,0.0,1
88,9,1,1,1,0,0,0,1,7.0,0.0,1
88,10,1,1,1,0,1,1,1,5.0,0.0,1
88,11,1,1,1,0,1,1,0,0.0,0.0,1
88,12,1,1,1,0,0,0,0,4.0,0.0,1
88,13,1,1,1,0,1,0,0,3.0,0.0,1
88,14,1,2,1,0,0,1,1,3.0,0.0,1
88,15,1,2,1,0,0,1,1,3.0,0.0,1
88,16,1,2,1,0,0,1,1,3.0,0.0,1
88,17,1,2,1,0,0,1,1,7.0,0.0,1
88,18,1,2,1,0,1,1,1,4.0,0.0,1
88,19,1,2,1,0,1,0,0,1.0,0.0,1
88,20,1,2,1,0,0,1,0,,0.0,1
89,0,2,1,1,1,0,0,0,6.0,0.0,1
89,1,1,1,1,1,1,0,1,5.0,0.0,1
89,2,1,2,1,1,1,1,0,7.0,0.0,1
89,3,1,2,1,1,1,1,1,7.0,0.0,1
89,4,1,1,1,1,1,1,1,2.0,0.0,1
89,5,1,1,1,1,0,0,1,4.0,0.0,1
89,6,1,1,0,0,1,0,0,5.0,0.0,1
89,7,1,1,1,0,1,1,0,5.0,0.0,1
89,8,1,2,1,0,1,1,0,2.0,0.0,1
89,9,1,2,1,0,0,0,1,6.0,0.0,1
89,10,1,1,1,0,1,0,1,3.0,0.0,1
89,11,1,2,1,0,0,1,1,6.0,0.0,1
89,12,1,0,1,0,1,0,1,6.0,0.0,1
89,13,1,0,1,0,1,0,1,3.0,0.0,1
89,14,1,1,1,0,0,1,1,0.0,0.0,1
89,15,1,1,1,0,0,0,0,3.0,0.0,1
89,16,1,2,1,0,0,1,1,5.0,0.0,1
89,17,1,2,1,0,1,1,0,1.0,0.0,1
89,18,1,2,1,0,0,1,0,2.0,0.0,1
89,19,1,2,1,0,0,0,1,1.0,0.0,1
89,20,1,2,1,0,0,1,0,,0.0,1
90,0,0,0,1,2,0,0,0,1.0,-1.0,1
90,1,0,2,1,3,0,1,0,,-1.0,1
91,0,1,2,1,2,0,0,0,6.0,0.0,1
91,1,1,1,1,2,1,0,1,5.0,0.0,1
91,2,1,1,1,2,1,1,0,5.0,0.0,1
91,3,1,2,1,2,1,1,0,5.0,0.0,1
91,4,1,2,0,2,1,1,0,3.0,0.0,1
91,5,1,2,1,2,0,1,1,4.0,0.0,1
91,6,1,2,1,1,1,0,0,7.0,0.0,1
91,7,1,2,1,1,1,1,1,6.0,0.0,1
91,8,1,2,1,1,1,0,1,6.0,0.0,1
91,9,1,2,1,1,1,0,1,0.0,-1.0,1
91,10,1,2,0,1,0,0,0,,-1.0,1
92,0,1,0,1,1,0,0,0,2.0,0.0,1
92,1,1,0,1,1,0,0,1,4.0,0.0,1
92,2,1,0,1,1,1,0,0,1.0,0.0,1
92,3,1,1,1,1,0,1,0,0.0,0.0,1
92,4,1,1,1,1,0,0,0,3.0,0.0,1
92,5,1,2,1,1,0,1,1,3.0,0.0,1
92,6,1,2,1,1,0,1,1,4.0,0.0,1
92,7,1,1,1,1,1,0,0,1.0,0.0,1
92,8,1,2,1,1,0,1,0,5.0,0.0,1
92,9,1,2,1,1,1,1,0,0.0,0.0,1
92,10,1,2,1,1,0,0,0,7.0,0.0,1
92,11,1,2,1,1,1,1,1,6.0,0.0,1
92,12,1,1,1,1,1,0,1,5.0,0.0,1
92,13,1,2,1,1,1,1,0,1.0,0.0,1
92,14,1,2,1,1,0,1,0,3.0,-1.0,1
92,15,2,2,1,1,0,1,1,,-1.0,1
93,0,0,0,1,2,0,0,0,0.0,0.0,1
93,1,0,0,1,2,0,0,0,1.0,0.0,1
93,2,0,0,1,2,0,1,0,5.0,0.0,1
93,3,0,1,1,2,1,1,0,0.0,0.0,1
93,4,0,1,1,2,0,0,0,7.0,0.0,1
93,5,0,2,1,2,1,1,1,0.0,-1.0,1
93,6,0,2,1,1,0,0,0,,-1.0,1
94,0,1,0,1,4,0,0,0,1.0,0.0,1
94,1,1,0,1,4,0,1,0,3.0,0.0,1
94,2,1,2,1,4,0,1,1,6.0,0.0,1
94,3,1,1,1,4,1,0,1,5.0,0.0,1
94,4,1,2,1,4,1,1,0,3.0,0.0,1
94,5,1,2,1,4,0,1,1,6.0,0.0,1
94,6,1,2,1,3,1,0,1,3.0,0.0,1
94,7,1,2,1,4,0,1,1,7.0,0.0,1
94,8,1,2,1,4,1,1,1,2.0,0.0,1
94,9,1,2,1,4,0,0,1,3.0,0.0,1
94,10,1,2,1,4,0,1,1,5.0,0.0,1
94,11,1,2,1,4,1,1,0,2.0,0.0,1
94,12,1,2,1,4,0,0,1,0.0,0.0,1
94,13,1,1,1,4,0,0,0,3.0,0.0,1
94,14,1,1,1,4,0,1,1,3.0,-1.0,1
94,15,0,2,1,4,0,1,1,,-1.0,1
95,0,0,2,1,2,0,0,0,4.0,0.0,1
95,1,0,1,1,2,1,0,0,1.0,0.0,1
95,2,0,1,1,2,0,1,0,3.0,0.0,1
95,3,0,2,1,2,0,1,1,2.0,0.0,1
95,4,0,2,1,2,0,0,1,1.0,0.0,1
95,5,0,2,1,2,0,1,0,4.0,0.0,1
95,6,0,2,1,2,1,0,0,7.0,0.0,1
95,7,0,2,1,2,1,1,1,5.0,0.0,1
95,8,0,2,1,2,1,1,0,2.0,-1.0,1
95,9,0,2,1,1,0,0,1,,-1.0,1
96,0,1,1,0,3,0,0,0,3.0,0.0,1
96,1,0,1,1,3,0,1,1,2.0,0.0,1
96,2,0,1,1,3,0,0,1,5.0,-1.0,1
96,3,0,2,1,3,1,1,0,,-1.0,1
97,0,2,2,1,2,0,0,0,5.0,0.0,1
97,1,2,2,1,2,1,1,0,4.0,0.0,1
97,2,2,1,1,1,1,0,0,1.0,-1.0,1
97,3,2,1,0,1,0,1,0,,-1.0,1
98,0,2,2,1,2,0,0,0,0.0,0.0,1
98,1,2,1,1,2,0,0,0,2.0,0.0,1
98,2,2,1,1,2,0,0,1,1.0,0.0,1
98,3,2,2,1,2,0,1,0,3.0,0.0,1
98,4,1,2,1,2,0,1,1,3.0,0.0,1
98,5,1,2,1,2,0,1,1,7.0,0.0,1
98,6,1,2,1,2,1,1,1,1.0,0.0,1
98,7,1,2,1,2,0,1,0,1.0,0.0,1
98,8,1,2,1,2,0,1,0,4.0,0.0,1
98,9,1,2,1,1,1,0,0,5.0,0.0,1
98,10,1,2,1,1,1,1,0,1.0,0.0,1
98,11,1,2,1,1,0,1,0,7.0,0.0,1
98,12,1,2,1,1,1,1,1,7.0,0.0,1
98,13,1,2,1,1,1,1,1,2.0,0.0,1
98,14,1,2,1,1,0,0,1,4.0,0.0,1
98,15,1,2,1,1,1,0,0,3.0,0.0,1
98,16,1,2,1,1,0,1,1,1.0,0.0,1
98,17,1,2,1,1,0,1,0,1.0,-1.0,1
98,18,0,2,1,1,0,1,0,,-1.0,1
99,0,1,1,1,3,0,0,0,0.0,1.0,1
99,1,1,1,1,2,0,0,0,,1.0,1
